Wage_Range,Wave1_NJ_Percent,Wave1_PA_Percent,Wave2_NJ_Percent,Wave2_PA_Percent
4.250000,32.484076,34.210526,0.000000,29.577465
4.350000,3.821656,1.315789,0.000000,7.042254
4.450000,16.560510,17.105263,0.000000,16.901408
4.550000,6.050955,0.000000,0.000000,0.000000
4.650000,0.955414,1.315789,0.000000,0.000000
4.750000,13.375796,13.157895,0.000000,19.718310
4.850000,2.866242,1.315789,0.000000,4.225352
4.950000,14.968153,26.315789,0.314465,18.309859
5.050000,2.866242,0.000000,89.622642,1.408451
5.150000,0.318471,0.000000,1.257862,0.000000
5.250000,2.229299,2.631579,5.031447,1.408451
5.350000,0.636943,0.000000,0.314465,0.000000
5.450000,1.910828,2.631579,2.515723,0.000000
5.550000,0.955414,0.000000,0.943396,1.408451
